First Name,Last Name,Item Name,SKU,Den Number,Date Earned,Pack Number,Cubmaster,Den Leader
John,Ramirez,Fishing Belt Loop,821,1,2014-08-18,123,Rene Zapf,Olin Schorsch
Richard,Martin,Tennis Belt Loop,829,2,2014-11-21,123,Rene Zapf,Hans Trojahn
John,Torres,Webelos Outdoorsman Pin,474,3,2014-10-25,123,Rene Zapf,Ezekiel Dommer
Richard,Perry,Cub Scout Outdoor Activity Emblem,14235,4,2014-10-26,123,Rene Zapf,Jefferey Hanning
Robert,Wilson,Bobcat Rank Emblem,370,5,2014-11-24,123,Rene Zapf,Ted Tijernia
Michael,Ramirez,Bobcat Rank Emblem,370,Fox Patrol,2014-10-20,123,Rene Zapf,Napoleon McCarthey
John,Walker,Bobcat Rank Emblem,370,Beaver Patrol,2014-10-20,123,Rene Zapf,Heriberto Burgamy
James,Wood,Webelos Forester Pin,471,1,2014-07-28,123,Rene Zapf,Clarence Kazan
William,Taylor,Webelos Readyman Pin,494,2,2014-07-26,123,Rene Zapf,Marcus Teaster
David,Clark,Webelos Compass Points Emblem,458,3,2014-08-01,123,Rene Zapf,Ezekiel Dommer
David,Clark,Bobcat Rank Emblem,370,3,2014-11-24,123,Rene Zapf,Ezekiel Dommer
David,Clark,Bobcat Rank Emblem,370,3,2014-10-20,123,Rene Zapf,Ezekiel Dommer
David,Clark,Bobcat Rank Emblem,370,3,2014-10-20,123,Rene Zapf,Ezekiel Dommer
David,Clark,Bobcat Rank Emblem,370,3,2014-10-20,123,Rene Zapf,Ezekiel Dommer
David,Clark,Bobcat Rank Emblem,370,3,2014-10-20,123,Rene Zapf,Ezekiel Dommer
David,Clark,Bobcat Rank Emblem,370,3,2014-10-20,123,Rene Zapf,Ezekiel Dommer
David,Clark,Bobcat Rank Emblem,370,3,2014-10-20,123,Rene Zapf,Ezekiel Dommer
David,Clark,Bobcat Rank Emblem,370,3,2014-10-20,123,Rene Zapf,Ezekiel Dommer
David,Clark,Bobcat Rank Emblem,370,3,2014-10-20,123,Rene Zapf,Ezekiel Dommer
David,Clark,Bobcat Rank Emblem,370,3,2014-10-20,123,Rene Zapf,Ezekiel Dommer
David,Clark,Bobcat Rank Emblem,370,3,2014-10-20,123,Rene Zapf,Ezekiel Dommer
David,Clark,Bobcat Rank Emblem,370,3,2014-10-20,123,Rene Zapf,Ezekiel Dommer
David,Clark,Bobcat Rank Emblem,370,3,2014-10-20,123,Rene Zapf,Ezekiel Dommer
David,Clark,Bobcat Rank Emblem,370,3,2014-10-20,123,Rene Zapf,Ezekiel Dommer
David,Clark,Bobcat Rank Emblem,370,3,2014-10-20,123,Rene Zapf,Ezekiel Dommer
David,Clark,Bobcat Rank Emblem,370,3,2014-10-20,123,Rene Zapf,Ezekiel Dommer
David,Clark,Bobcat Rank Emblem,370,3,2014-10-20,123,Rene Zapf,Ezekiel Dommer